{
  "tests": [
    {
      "name": "Easy 1",
      "setup": "g++ sudoku.cpp",
      "run": "bash .testing/test.sh easy1.txt",
      "input": "",
      "output": "",
      "comparison": "included",
      "timeout": 1,
      "points": 5
    },
    {
      "name": "Easy 2",
      "setup": "g++ sudoku.cpp",
      "run": "bash .testing/test.sh easy2.txt",
      "input": "",
      "output": "",
      "comparison": "included",
      "timeout": 1,
      "points": 5
    },
    {
      "name": "Easy 3",
      "setup": "g++ sudoku.cpp",
      "run": "bash .testing/test.sh easy3.txt",
      "input": "",
      "output": "",
      "comparison": "included",
      "timeout": 1,
      "points": 5
    },
    {
      "name": "Medium 1",
      "setup": "g++ sudoku.cpp",
      "run": "bash .testing/test.sh medium1.txt",
      "input": "",
      "output": "",
      "comparison": "included",
      "timeout": 1,
      "points": 5
    },
    {
      "name": "Medium 2",
      "setup": "g++ sudoku.cpp",
      "run": "bash .testing/test.sh medium2.txt",
      "input": "",
      "output": "",
      "comparison": "included",
      "timeout": 1,
      "points": 5
    },
    {
      "name": "Medium 3",
      "setup": "g++ sudoku.cpp",
      "run": "bash .testing/test.sh medium3.txt",
      "input": "",
      "output": "",
      "comparison": "included",
      "timeout": 1,
      "points": 5
    },
    {
      "name": "Hard 1",
      "setup": "g++ sudoku.cpp",
      "run": "bash .testing/test.sh hard1.txt",
      "input": "",
      "output": "",
      "comparison": "included",
      "timeout": 1,
      "points": 5
    },
    {
      "name": "Hard 2",
      "setup": "g++ sudoku.cpp",
      "run": "bash .testing/test.sh hard2.txt",
      "input": "",
      "output": "",
      "comparison": "included",
      "timeout": 1,
      "points": 5
    },
    {
      "name": "Hard 3",
      "setup": "g++ sudoku.cpp",
      "run": "bash .testing/test.sh hard3.txt",
      "input": "",
      "output": "",
      "comparison": "included",
      "timeout": 1,
      "points": 5
    },
    {
      "name": "Hardest",
      "setup": "g++ sudoku.cpp",
      "run": "bash .testing/test.sh hardest.txt",
      "input": "",
      "output": "",
      "comparison": "included",
      "timeout": 1,
      "points": 5
    },
    {
      "name": "Memory Error Test (Runs Test Easy 2)",
      "setup": "g++ -std=c++11 -g sudoku.cpp",
      "run": "valgrind --leak-check=full --log-fd=1 --error-exitcode=1 ./a.out < .testing/easy2.txt",
      "input": "",
      "output": "",
      "comparison": "included",
      "timeout": 1,
      "points": 5
    }
  ]
}
